Tool,RMSE,SCC,ACC
chisel_5x_acCNA,0.5172464206247568,0.81108950792553,0.734719298245614
